Gene,Type,Chrom,Start,End,Strand,IsMulti
YNCA0002W_tRNA,Exon,I,139152,139187,+,True
YNCA0002W_tRNA,Exon,I,139219,139254,+,True
YNCA0002W_tRNA,Intron,I,139188,139218,+,True
YNCA0002W_tRNA,TFIIIB,I,139096,139139,+,True
YNCA0002W_tRNA,TFIIIC,I,139150,139187,+,True
YNCA0002W_tRNA,TFIIIC,I,139219,139264,+,True
YNCA0004W_tRNA,Exon,I,166267,166339,+,False
YNCA0004W_tRNA,TFIIIB,I,166211,166254,+,False
YNCA0004W_tRNA,TFIIIC,I,166265,166349,+,False
YNCA0005W_tRNA,Exon,I,181141,181178,+,True
YNCA0005W_tRNA,Exon,I,181211,181254,+,True
YNCA0005W_tRNA,Intron,I,181179,181210,+,True
YNCA0005W_tRNA,TFIIIB,I,181085,181128,+,True
YNCA0005W_tRNA,TFIIIC,I,181139,181178,+,True
YNCA0005W_tRNA,TFIIIC,I,181211,181264,+,True
YNCA0006C_tRNA,Exon,I,182522,182603,-,False
YNCA0006C_tRNA,TFIIIB,I,182616,182659,-,False
YNCA0006C_tRNA,TFIIIC,I,182512,182605,-,False
YNCB0001W_tRNA,Exon,II,9583,9666,+,False
YNCB0001W_tRNA,TFIIIB,II,9527,9570,+,False
YNCB0001W_tRNA,TFIIIC,II,9581,9676,+,False
YNCB0002W_tRNA,Exon,II,36398,36434,+,True
YNCB0002W_tRNA,Exon,II,36453,36488,+,True
YNCB0002W_tRNA,Intron,II,36435,36452,+,True
YNCB0002W_tRNA,TFIIIB,II,36342,36385,+,True
YNCB0002W_tRNA,TFIIIC,II,36396,36434,+,True
YNCB0002W_tRNA,TFIIIC,II,36453,36498,+,True
YNCB0004W_tRNA,Exon,II,197494,197567,+,False
YNCB0004W_tRNA,TFIIIB,II,197438,197481,+,False
YNCB0004W_tRNA,TFIIIC,II,197492,197577,+,False
YNCB0005C_tRNA,Exon,II,197629,197699,-,False
YNCB0005C_tRNA,TFIIIB,II,197712,197755,-,False
YNCB0005C_tRNA,TFIIIC,II,197619,197701,-,False
YNCB0006W_tRNA,Exon,II,227075,227156,+,False
YNCB0006W_tRNA,TFIIIB,II,227019,227062,+,False
YNCB0006W_tRNA,TFIIIC,II,227073,227166,+,False
YNCB0007W_tRNA,Exon,II,266378,266450,+,False
YNCB0007W_tRNA,TFIIIB,II,266322,266365,+,False
YNCB0007W_tRNA,TFIIIC,II,266376,266460,+,False
YNCB0011C_tRNA,Exon,II,326792,326865,-,False
YNCB0011C_tRNA,TFIIIB,II,326878,326921,-,False
YNCB0011C_tRNA,TFIIIC,II,326782,326867,-,False
YNCB0012W_tRNA,Exon,II,347603,347686,+,False
YNCB0012W_tRNA,TFIIIB,II,347547,347590,+,False
YNCB0012W_tRNA,TFIIIC,II,347601,347696,+,False
YNCB0013W_tRNA,Exon,II,350827,350898,+,False
YNCB0013W_tRNA,TFIIIB,II,350771,350814,+,False
YNCB0013W_tRNA,TFIIIC,II,350825,350908,+,False
YNCB0015W_tRNA,Exon,II,405878,405949,+,False
YNCB0015W_tRNA,TFIIIB,II,405822,405865,+,False
YNCB0015W_tRNA,TFIIIC,II,405876,405959,+,False
YNCB0016W_tRNA,Exon,II,405960,406031,+,False
YNCB0016W_tRNA,TFIIIB,II,405904,405947,+,False
YNCB0016W_tRNA,TFIIIC,II,405958,406041,+,False
YNCB0017C_tRNA,Exon,II,643007,643078,-,False
YNCB0017C_tRNA,TFIIIB,II,643091,643134,-,False
YNCB0017C_tRNA,TFIIIC,II,642997,643080,-,False
YNCB0018W_tRNA,Exon,II,645167,645238,+,False
YNCB0018W_tRNA,TFIIIB,II,645111,645154,+,False
YNCB0018W_tRNA,TFIIIC,II,645165,645248,+,False
YNCC0001C_tRNA,Exon,III,82462,82533,-,False
YNCC0001C_tRNA,TFIIIB,III,82546,82589,-,False
YNCC0001C_tRNA,TFIIIC,III,82452,82535,-,False
YNCC0002W_tRNA,Exon,III,90859,90896,+,True
YNCC0002W_tRNA,Exon,III,90929,90972,+,True
YNCC0002W_tRNA,Intron,III,90897,90928,+,True
YNCC0002W_tRNA,TFIIIB,III,90803,90846,+,True
YNCC0002W_tRNA,TFIIIC,III,90857,90896,+,True
YNCC0002W_tRNA,TFIIIC,III,90929,90982,+,True
YNCC0004C_tRNA,Exon,III,123577,123648,-,False
YNCC0004C_tRNA,TFIIIB,III,123661,123704,-,False
YNCC0004C_tRNA,TFIIIC,III,123567,123650,-,False
YNCC0005W_tRNA,Exon,III,127716,127789,+,False
YNCC0005W_tRNA,TFIIIB,III,127660,127703,+,False
YNCC0005W_tRNA,TFIIIC,III,127714,127799,+,False
YNCC0007C_tRNA,Exon,III,142701,142771,-,False
YNCC0007C_tRNA,TFIIIB,III,142784,142827,-,False
YNCC0007C_tRNA,TFIIIC,III,142691,142773,-,False
YNCC0008W_tRNA,Exon,III,149920,149991,+,False
YNCC0008W_tRNA,TFIIIB,III,149864,149907,+,False
YNCC0008W_tRNA,TFIIIC,III,149918,150001,+,False
YNCC0009C_tRNA,Exon,III,151284,151356,-,False
YNCC0009C_tRNA,TFIIIB,III,151369,151412,-,False
YNCC0009C_tRNA,TFIIIC,III,151274,151358,-,False
YNCC0010C_tRNA,Exon,III,168301,168372,-,False
YNCC0010C_tRNA,TFIIIB,III,168385,168428,-,False
YNCC0010C_tRNA,TFIIIC,III,168291,168374,-,False
YNCC0013W_tRNA,Exon,III,227942,227978,+,True
YNCC0013W_tRNA,Exon,III,227998,228042,+,True
YNCC0013W_tRNA,Intron,III,227979,227997,+,True
YNCC0013W_tRNA,TFIIIB,III,227886,227929,+,True
YNCC0013W_tRNA,TFIIIC,III,227940,227978,+,True
YNCC0013W_tRNA,TFIIIC,III,227998,228052,+,True
YNCC0014W_tRNA,Exon,III,295484,295556,+,False
YNCC0014W_tRNA,TFIIIB,III,295428,295471,+,False
YNCC0014W_tRNA,TFIIIC,III,295482,295566,+,False
YNCD0001W_tRNA,Exon,IV,83548,83618,+,False
YNCD0001W_tRNA,TFIIIB,IV,83492,83535,+,False
YNCD0001W_tRNA,TFIIIC,IV,83546,83628,+,False
YNCD0003W_tRNA,Exon,IV,359577,359613,+,True
YNCD0003W_tRNA,Exon,IV,359637,359672,+,True
YNCD0003W_tRNA,Intron,IV,359614,359636,+,True
YNCD0003W_tRNA,TFIIIB,IV,359521,359564,+,True
YNCD0003W_tRNA,TFIIIC,IV,359575,359613,+,True
YNCD0003W_tRNA,TFIIIC,IV,359637,359682,+,True
YNCD0004W_tRNA,Exon,IV,410379,410451,+,False
YNCD0004W_tRNA,TFIIIB,IV,410323,410366,+,False
YNCD0004W_tRNA,TFIIIC,IV,410377,410461,+,False
YNCD0005C_tRNA,Exon,IV,434264,434336,-,False
YNCD0005C_tRNA,TFIIIB,IV,434349,434392,-,False
YNCD0005C_tRNA,TFIIIC,IV,434254,434338,-,False
YNCD0006W_tRNA,Exon,IV,437772,437853,+,False
YNCD0006W_tRNA,TFIIIB,IV,437716,437759,+,False
YNCD0006W_tRNA,TFIIIC,IV,437770,437863,+,False
YNCD0007C_tRNA,Exon,IV,488797,488870,-,False
YNCD0007C_tRNA,TFIIIB,IV,488883,488926,-,False
YNCD0007C_tRNA,TFIIIC,IV,488787,488872,-,False
YNCD0008W_tRNA,Exon,IV,519743,519826,+,False
YNCD0008W_tRNA,TFIIIB,IV,519687,519730,+,False
YNCD0008W_tRNA,TFIIIC,IV,519741,519836,+,False
YNCD0009W_tRNA,Exon,IV,520972,521043,+,False
YNCD0009W_tRNA,TFIIIB,IV,520916,520959,+,False
YNCD0009W_tRNA,TFIIIC,IV,520970,521053,+,False
YNCD0011W_tRNA,Exon,IV,568882,568953,+,False
YNCD0011W_tRNA,TFIIIB,IV,568826,568869,+,False
YNCD0011W_tRNA,TFIIIC,IV,568880,568963,+,False
YNCD0012W_tRNA,Exon,IV,568964,569035,+,False
YNCD0012W_tRNA,TFIIIB,IV,568908,568951,+,False
YNCD0012W_tRNA,TFIIIC,IV,568962,569045,+,False
YNCD0013C_tRNA,Exon,IV,619969,620041,-,False
YNCD0013C_tRNA,TFIIIB,IV,620054,620097,-,False
YNCD0013C_tRNA,TFIIIC,IV,619959,620043,-,False
YNCD0014C_tRNA,Exon,IV,645153,645224,-,False
YNCD0014C_tRNA,TFIIIB,IV,645237,645280,-,False
YNCD0014C_tRNA,TFIIIC,IV,645143,645226,-,False
YNCD0015C_tRNA,Exon,IV,668007,668080,-,False
YNCD0015C_tRNA,TFIIIB,IV,668093,668136,-,False
YNCD0015C_tRNA,TFIIIC,IV,667997,668082,-,False
YNCD0016C_tRNA,Exon,IV,802731,802802,-,False
YNCD0016C_tRNA,TFIIIB,IV,802815,802858,-,False
YNCD0016C_tRNA,TFIIIC,IV,802721,802804,-,False
YNCD0017W_tRNA,Exon,IV,884361,884397,+,True
YNCD0017W_tRNA,Exon,IV,884458,884493,+,True
YNCD0017W_tRNA,Intron,IV,884398,884457,+,True
YNCD0017W_tRNA,TFIIIB,IV,884305,884348,+,True
YNCD0017W_tRNA,TFIIIC,IV,884359,884397,+,True
YNCD0017W_tRNA,TFIIIC,IV,884458,884503,+,True
YNCD0018W_tRNA,Exon,IV,946312,946350,+,True
YNCD0018W_tRNA,Exon,IV,946365,946400,+,True
YNCD0018W_tRNA,Intron,IV,946351,946364,+,True
YNCD0018W_tRNA,TFIIIB,IV,946256,946299,+,True
YNCD0018W_tRNA,TFIIIC,IV,946310,946350,+,True
YNCD0018W_tRNA,TFIIIC,IV,946365,946410,+,True
YNCD0019C_tRNA,Exon,IV,980974,981055,-,False
YNCD0019C_tRNA,TFIIIB,IV,981068,981111,-,False
YNCD0019C_tRNA,TFIIIC,IV,980964,981057,-,False
YNCD0020W_tRNA,Exon,IV,992832,992902,+,False
YNCD0020W_tRNA,TFIIIB,IV,992776,992819,+,False
YNCD0020W_tRNA,TFIIIC,IV,992830,992912,+,False
YNCD0021C_tRNA,Exon,IV,1017207,1017278,-,False
YNCD0021C_tRNA,TFIIIB,IV,1017291,1017334,-,False
YNCD0021C_tRNA,TFIIIC,IV,1017197,1017280,-,False
YNCD0022C_tRNA,Exon,IV,1075472,1075544,-,False
YNCD0022C_tRNA,TFIIIB,IV,1075557,1075600,-,False
YNCD0022C_tRNA,TFIIIC,IV,1075462,1075546,-,False
YNCD0023C_tRNA,Exon,IV,1095425,1095461,-,True
YNCD0023C_tRNA,Exon,IV,1095370,1095405,-,True
YNCD0023C_tRNA,Intron,IV,1095406,1095424,-,True
YNCD0023C_tRNA,TFIIIB,IV,1095474,1095517,-,True
YNCD0023C_tRNA,TFIIIC,IV,1095425,1095463,-,True
YNCD0023C_tRNA,TFIIIC,IV,1095360,1095405,-,True
YNCD0024C_tRNA,Exon,IV,1150842,1150941,-,False
YNCD0024C_tRNA,TFIIIB,IV,1150954,1150997,-,False
YNCD0024C_tRNA,TFIIIC,IV,1150832,1150943,-,False
YNCD0025W_tRNA,Exon,IV,1175829,1175901,+,False
YNCD0025W_tRNA,TFIIIB,IV,1175773,1175816,+,False
YNCD0025W_tRNA,TFIIIC,IV,1175827,1175911,+,False
YNCD0026W_tRNA,Exon,IV,1201750,1201822,+,False
YNCD0026W_tRNA,TFIIIB,IV,1201694,1201737,+,False
YNCD0026W_tRNA,TFIIIC,IV,1201748,1201832,+,False
YNCD0027C_tRNA,Exon,IV,1257008,1257079,-,False
YNCD0027C_tRNA,TFIIIB,IV,1257092,1257135,-,False
YNCD0027C_tRNA,TFIIIC,IV,1256998,1257081,-,False
YNCD0028W_tRNA,Exon,IV,1305630,1305712,+,False
YNCD0028W_tRNA,TFIIIB,IV,1305574,1305617,+,False
YNCD0028W_tRNA,TFIIIC,IV,1305628,1305722,+,False
YNCD0029C_tRNA,Exon,IV,1352466,1352538,-,False
YNCD0029C_tRNA,TFIIIB,IV,1352551,1352594,-,False
YNCD0029C_tRNA,TFIIIC,IV,1352456,1352540,-,False
YNCD0031C_tRNA,Exon,IV,1461792,1461829,-,True
YNCD0031C_tRNA,Exon,IV,1461715,1461758,-,True
YNCD0031C_tRNA,Intron,IV,1461759,1461791,-,True
YNCD0031C_tRNA,TFIIIB,IV,1461842,1461885,-,True
YNCD0031C_tRNA,TFIIIC,IV,1461792,1461831,-,True
YNCD0031C_tRNA,TFIIIC,IV,1461705,1461758,-,True
YNCE0004C_tRNA,Exon,V,61890,61960,-,False
YNCE0004C_tRNA,TFIIIB,V,61973,62016,-,False
YNCE0004C_tRNA,TFIIIC,V,61880,61962,-,False
YNCE0005W_tRNA,Exon,V,86604,86685,+,False
YNCE0005W_tRNA,TFIIIB,V,86548,86591,+,False
YNCE0005W_tRNA,TFIIIC,V,86602,86695,+,False
YNCE0006W_tRNA,Exon,V,100133,100204,+,False
YNCE0006W_tRNA,TFIIIB,V,100077,100120,+,False
YNCE0006W_tRNA,TFIIIC,V,100131,100214,+,False
YNCE0008C_tRNA,Exon,V,131082,131153,-,False
YNCE0008C_tRNA,TFIIIB,V,131166,131209,-,False
YNCE0008C_tRNA,TFIIIC,V,131072,131155,-,False
YNCE0009C_tRNA,Exon,V,135425,135497,-,False
YNCE0009C_tRNA,TFIIIB,V,135510,135553,-,False
YNCE0009C_tRNA,TFIIIC,V,135415,135499,-,False
YNCE0010W_tRNA,Exon,V,138666,138737,+,False
YNCE0010W_tRNA,TFIIIB,V,138610,138653,+,False
YNCE0010W_tRNA,TFIIIC,V,138664,138747,+,False
YNCE0012W_tRNA,Exon,V,177099,177170,+,False
YNCE0012W_tRNA,TFIIIB,V,177043,177086,+,False
YNCE0012W_tRNA,TFIIIC,V,177097,177180,+,False
YNCE0013W_tRNA,Exon,V,207357,207428,+,False
YNCE0013W_tRNA,TFIIIB,V,207301,207344,+,False
YNCE0013W_tRNA,TFIIIC,V,207355,207438,+,False
YNCE0014W_tRNA,Exon,V,250286,250357,+,False
YNCE0014W_tRNA,TFIIIB,V,250230,250273,+,False
YNCE0014W_tRNA,TFIIIC,V,250284,250367,+,False
YNCE0015C_tRNA,Exon,V,288443,288524,-,False
YNCE0015C_tRNA,TFIIIB,V,288537,288580,-,False
YNCE0015C_tRNA,TFIIIC,V,288433,288526,-,False
YNCE0016C_tRNA,Exon,V,312023,312095,-,False
YNCE0016C_tRNA,TFIIIB,V,312108,312151,-,False
YNCE0016C_tRNA,TFIIIC,V,312013,312097,-,False
YNCE0018W_tRNA,Exon,V,354934,355005,+,False
YNCE0018W_tRNA,TFIIIB,V,354878,354921,+,False
YNCE0018W_tRNA,TFIIIC,V,354932,355015,+,False
YNCE0021C_tRNA,Exon,V,434541,434612,-,False
YNCE0021C_tRNA,TFIIIB,V,434625,434668,-,False
YNCE0021C_tRNA,TFIIIC,V,434531,434614,-,False
YNCE0022C_tRNA,Exon,V,435752,435824,-,False
YNCE0022C_tRNA,TFIIIB,V,435837,435880,-,False
YNCE0022C_tRNA,TFIIIC,V,435742,435826,-,False
YNCE0023W_tRNA,Exon,V,438700,438773,+,False
YNCE0023W_tRNA,TFIIIB,V,438644,438687,+,False
YNCE0023W_tRNA,TFIIIC,V,438698,438783,+,False
YNCE0025C_tRNA,Exon,V,443202,443275,-,False
YNCE0025C_tRNA,TFIIIB,V,443288,443331,-,False
YNCE0025C_tRNA,TFIIIC,V,443192,443277,-,False
YNCE0026W_tRNA,Exon,V,469457,469530,+,False
YNCE0026W_tRNA,TFIIIB,V,469401,469444,+,False
YNCE0026W_tRNA,TFIIIC,V,469455,469540,+,False
YNCE0027C_tRNA,Exon,V,487331,487402,-,False
YNCE0027C_tRNA,TFIIIB,V,487415,487458,-,False
YNCE0027C_tRNA,TFIIIC,V,487321,487404,-,False
YNCE0028C_tRNA,Exon,V,492352,492424,-,False
YNCE0028C_tRNA,TFIIIB,V,492437,492480,-,False
YNCE0028C_tRNA,TFIIIC,V,492342,492426,-,False
YNCE0029C_tRNA,Exon,V,551285,551358,-,False
YNCE0029C_tRNA,TFIIIB,V,551371,551414,-,False
YNCE0029C_tRNA,TFIIIC,V,551275,551360,-,False
YNCF0002W_tRNA,Exon,VI,101376,101411,+,True
YNCF0002W_tRNA,Exon,VI,101443,101478,+,True
YNCF0002W_tRNA,Intron,VI,101412,101442,+,True
YNCF0002W_tRNA,TFIIIB,VI,101320,101363,+,True
YNCF0002W_tRNA,TFIIIC,VI,101374,101411,+,True
YNCF0002W_tRNA,TFIIIC,VI,101443,101488,+,True
YNCF0004C_tRNA,Exon,VI,137486,137559,-,False
YNCF0004C_tRNA,TFIIIB,VI,137572,137615,-,False
YNCF0004C_tRNA,TFIIIC,VI,137476,137561,-,False
YNCF0005C_tRNA,Exon,VI,157971,158007,-,True
YNCF0005C_tRNA,Exon,VI,157916,157951,-,True
YNCF0005C_tRNA,Intron,VI,157952,157970,-,True
YNCF0005C_tRNA,TFIIIB,VI,158020,158063,-,True
YNCF0005C_tRNA,TFIIIC,VI,157971,158009,-,True
YNCF0005C_tRNA,TFIIIC,VI,157906,157951,-,True
YNCF0006W_tRNA,Exon,VI,162228,162298,+,False
YNCF0006W_tRNA,TFIIIB,VI,162172,162215,+,False
YNCF0006W_tRNA,TFIIIC,VI,162226,162308,+,False
YNCF0007W_tRNA,Exon,VI,167437,167475,+,True
YNCF0007W_tRNA,Exon,VI,167490,167525,+,True
YNCF0007W_tRNA,Intron,VI,167476,167489,+,True
YNCF0007W_tRNA,TFIIIB,VI,167381,167424,+,True
YNCF0007W_tRNA,TFIIIC,VI,167435,167475,+,True
YNCF0007W_tRNA,TFIIIC,VI,167490,167535,+,True
YNCF0008C_tRNA,Exon,VI,180974,181044,-,False
YNCF0008C_tRNA,TFIIIB,VI,181057,181100,-,False
YNCF0008C_tRNA,TFIIIC,VI,180964,181046,-,False
YNCF0009C_tRNA,Exon,VI,191577,191613,-,True
YNCF0009C_tRNA,Exon,VI,191513,191557,-,True
YNCF0009C_tRNA,Intron,VI,191558,191576,-,True
YNCF0009C_tRNA,TFIIIB,VI,191626,191669,-,True
YNCF0009C_tRNA,TFIIIC,VI,191577,191615,-,True
YNCF0009C_tRNA,TFIIIC,VI,191503,191557,-,True
YNCF0011C_tRNA,Exon,VI,204924,204996,-,False
YNCF0011C_tRNA,TFIIIB,VI,205009,205052,-,False
YNCF0011C_tRNA,TFIIIC,VI,204914,204998,-,False
YNCF0012C_tRNA,Exon,VI,210669,210707,-,True
YNCF0012C_tRNA,Exon,VI,210619,210654,-,True
YNCF0012C_tRNA,Intron,VI,210655,210668,-,True
YNCF0012C_tRNA,TFIIIB,VI,210720,210763,-,True
YNCF0012C_tRNA,TFIIIC,VI,210669,210709,-,True
YNCF0012C_tRNA,TFIIIC,VI,210609,210654,-,True
YNCF0014C_tRNA,Exon,VI,226688,226760,-,False
YNCF0014C_tRNA,TFIIIB,VI,226773,226816,-,False
YNCF0014C_tRNA,TFIIIC,VI,226678,226762,-,False
YNCG0002C_tRNA,Exon,VII,73829,73902,-,False
YNCG0002C_tRNA,TFIIIB,VII,73915,73958,-,False
YNCG0002C_tRNA,TFIIIC,VII,73819,73904,-,False
YNCG0003C_tRNA,Exon,VII,110625,110696,-,False
YNCG0003C_tRNA,TFIIIB,VII,110709,110752,-,False
YNCG0003C_tRNA,TFIIIC,VII,110615,110698,-,False
YNCG0004W_tRNA,Exon,VII,115488,115524,+,True
YNCG0004W_tRNA,Exon,VII,115548,115583,+,True
YNCG0004W_tRNA,Intron,VII,115525,115547,+,True
YNCG0004W_tRNA,TFIIIB,VII,115432,115475,+,True
YNCG0004W_tRNA,TFIIIC,VII,115486,115524,+,True
YNCG0004W_tRNA,TFIIIC,VII,115548,115593,+,True
YNCG0005W_tRNA,Exon,VII,122269,122341,+,False
YNCG0005W_tRNA,TFIIIB,VII,122213,122256,+,False
YNCG0005W_tRNA,TFIIIC,VII,122267,122351,+,False
YNCG0007C_tRNA,Exon,VII,185714,185786,-,False
YNCG0007C_tRNA,TFIIIB,VII,185799,185842,-,False
YNCG0007C_tRNA,TFIIIC,VII,185704,185788,-,False
YNCG0008W_tRNA,Exon,VII,205521,205558,+,True
YNCG0008W_tRNA,Exon,VII,205591,205634,+,True
YNCG0008W_tRNA,Intron,VII,205559,205590,+,True
YNCG0008W_tRNA,TFIIIB,VII,205465,205508,+,True
YNCG0008W_tRNA,TFIIIC,VII,205519,205558,+,True
YNCG0008W_tRNA,TFIIIC,VII,205591,205644,+,True
YNCG0009C_tRNA,Exon,VII,287420,287455,-,True
YNCG0009C_tRNA,Exon,VII,287350,287385,-,True
YNCG0009C_tRNA,Intron,VII,287386,287419,-,True
YNCG0009C_tRNA,TFIIIB,VII,287468,287511,-,True
YNCG0009C_tRNA,TFIIIC,VII,287420,287457,-,True
YNCG0009C_tRNA,TFIIIC,VII,287340,287385,-,True
YNCG0011W_tRNA,Exon,VII,319781,319852,+,False
YNCG0011W_tRNA,TFIIIB,VII,319725,319768,+,False
YNCG0011W_tRNA,TFIIIC,VII,319779,319862,+,False
YNCG0012W_tRNA,Exon,VII,328583,328654,+,False
YNCG0012W_tRNA,TFIIIB,VII,328527,328570,+,False
YNCG0012W_tRNA,TFIIIC,VII,328581,328664,+,False
YNCG0016C_tRNA,Exon,VII,401527,401598,-,False
YNCG0016C_tRNA,TFIIIB,VII,401611,401654,-,False
YNCG0016C_tRNA,TFIIIC,VII,401517,401600,-,False
YNCG0017W_tRNA,Exon,VII,405470,405541,+,False
YNCG0017W_tRNA,TFIIIB,VII,405414,405457,+,False
YNCG0017W_tRNA,TFIIIC,VII,405468,405551,+,False
YNCG0018C_tRNA,Exon,VII,412294,412367,-,False
YNCG0018C_tRNA,TFIIIB,VII,412380,412423,-,False
YNCG0018C_tRNA,TFIIIC,VII,412284,412369,-,False
YNCG0019W_tRNA,Exon,VII,423092,423129,+,True
YNCG0019W_tRNA,Exon,VII,423162,423205,+,True
YNCG0019W_tRNA,Intron,VII,423130,423161,+,True
YNCG0019W_tRNA,TFIIIB,VII,423036,423079,+,True
YNCG0019W_tRNA,TFIIIC,VII,423090,423129,+,True
YNCG0019W_tRNA,TFIIIC,VII,423162,423215,+,True
YNCG0020C_tRNA,Exon,VII,440771,440807,-,True
YNCG0020C_tRNA,Exon,VII,440716,440751,-,True
YNCG0020C_tRNA,Intron,VII,440752,440770,-,True
YNCG0020C_tRNA,TFIIIB,VII,440820,440863,-,True
YNCG0020C_tRNA,TFIIIC,VII,440771,440809,-,True
YNCG0020C_tRNA,TFIIIC,VII,440706,440751,-,True
YNCG0021W_tRNA,Exon,VII,531610,531681,+,False
YNCG0021W_tRNA,TFIIIB,VII,531554,531597,+,False
YNCG0021W_tRNA,TFIIIC,VII,531608,531691,+,False
YNCG0022W_tRNA,Exon,VII,541850,541921,+,False
YNCG0022W_tRNA,TFIIIB,VII,541794,541837,+,False
YNCG0022W_tRNA,TFIIIC,VII,541848,541931,+,False
YNCG0023C_tRNA,Exon,VII,544577,544648,-,False
YNCG0023C_tRNA,TFIIIB,VII,544661,544704,-,False
YNCG0023C_tRNA,TFIIIC,VII,544567,544650,-,False
YNCG0025C_tRNA,Exon,VII,561662,561743,-,False
YNCG0025C_tRNA,TFIIIB,VII,561756,561799,-,False
YNCG0025C_tRNA,TFIIIC,VII,561652,561745,-,False
YNCG0027W_tRNA,Exon,VII,661749,661820,+,False
YNCG0027W_tRNA,TFIIIB,VII,661693,661736,+,False
YNCG0027W_tRNA,TFIIIC,VII,661747,661830,+,False
YNCG0028W_tRNA,Exon,VII,700675,700756,+,False
YNCG0028W_tRNA,TFIIIB,VII,700619,700662,+,False
YNCG0028W_tRNA,TFIIIC,VII,700673,700766,+,False
YNCG0029C_tRNA,Exon,VII,701012,701048,-,True
YNCG0029C_tRNA,Exon,VII,700953,700988,-,True
YNCG0029C_tRNA,Intron,VII,700989,701011,-,True
YNCG0029C_tRNA,TFIIIB,VII,701061,701104,-,True
YNCG0029C_tRNA,TFIIIC,VII,701012,701050,-,True
YNCG0029C_tRNA,TFIIIC,VII,700943,700988,-,True
YNCG0030C_tRNA,Exon,VII,707108,707179,-,False
YNCG0030C_tRNA,TFIIIB,VII,707192,707235,-,False
YNCG0030C_tRNA,TFIIIC,VII,707098,707181,-,False
YNCG0031W_tRNA,Exon,VII,731137,731210,+,False
YNCG0031W_tRNA,TFIIIB,VII,731081,731124,+,False
YNCG0031W_tRNA,TFIIIC,VII,731135,731220,+,False
YNCG0032W_tRNA,Exon,VII,736340,736411,+,False
YNCG0032W_tRNA,TFIIIB,VII,736284,736327,+,False
YNCG0032W_tRNA,TFIIIC,VII,736338,736421,+,False
YNCG0033W_tRNA,Exon,VII,739122,739195,+,False
YNCG0033W_tRNA,TFIIIB,VII,739066,739109,+,False
YNCG0033W_tRNA,TFIIIC,VII,739120,739205,+,False
YNCG0034W_tRNA,Exon,VII,774349,774421,+,False
YNCG0034W_tRNA,TFIIIB,VII,774293,774336,+,False
YNCG0034W_tRNA,TFIIIC,VII,774347,774431,+,False
YNCG0035W_tRNA,Exon,VII,779616,779687,+,False
YNCG0035W_tRNA,TFIIIB,VII,779560,779603,+,False
YNCG0035W_tRNA,TFIIIC,VII,779614,779697,+,False
YNCG0036W_tRNA,Exon,VII,794417,794489,+,False
YNCG0036W_tRNA,TFIIIB,VII,794361,794404,+,False
YNCG0036W_tRNA,TFIIIC,VII,794415,794499,+,False
YNCG0037W_tRNA,Exon,VII,823482,823555,+,False
YNCG0037W_tRNA,TFIIIB,VII,823426,823469,+,False
YNCG0037W_tRNA,TFIIIC,VII,823480,823565,+,False
YNCG0038C_tRNA,Exon,VII,828723,828794,-,False
YNCG0038C_tRNA,TFIIIB,VII,828807,828850,-,False
YNCG0038C_tRNA,TFIIIC,VII,828713,828796,-,False
YNCG0039W_tRNA,Exon,VII,845649,845719,+,False
YNCG0039W_tRNA,TFIIIB,VII,845593,845636,+,False
YNCG0039W_tRNA,TFIIIC,VII,845647,845729,+,False
YNCG0040C_tRNA,Exon,VII,857454,857491,-,True
YNCG0040C_tRNA,Exon,VII,857378,857421,-,True
YNCG0040C_tRNA,Intron,VII,857422,857453,-,True
YNCG0040C_tRNA,TFIIIB,VII,857504,857547,-,True
YNCG0040C_tRNA,TFIIIC,VII,857454,857493,-,True
YNCG0040C_tRNA,TFIIIC,VII,857368,857421,-,True
YNCG0041W_tRNA,Exon,VII,876394,876466,+,False
YNCG0041W_tRNA,TFIIIB,VII,876338,876381,+,False
YNCG0041W_tRNA,TFIIIC,VII,876392,876476,+,False
YNCG0042C_tRNA,Exon,VII,878780,878815,-,True
YNCG0042C_tRNA,Exon,VII,878710,878745,-,True
YNCG0042C_tRNA,Intron,VII,878746,878779,-,True
YNCG0042C_tRNA,TFIIIB,VII,878828,878871,-,True
YNCG0042C_tRNA,TFIIIC,VII,878780,878817,-,True
YNCG0042C_tRNA,TFIIIC,VII,878700,878745,-,True
YNCG0043C_tRNA,Exon,VII,930953,931023,-,False
YNCG0043C_tRNA,TFIIIB,VII,931036,931079,-,False
YNCG0043C_tRNA,TFIIIC,VII,930943,931025,-,False
YNCG0046W_tRNA,Exon,VII,1004216,1004287,+,False
YNCG0046W_tRNA,TFIIIB,VII,1004160,1004203,+,False
YNCG0046W_tRNA,TFIIIC,VII,1004214,1004297,+,False
YNCH0001W_tRNA,Exon,VIII,62755,62826,+,False
YNCH0001W_tRNA,TFIIIB,VIII,62699,62742,+,False
YNCH0001W_tRNA,TFIIIC,VIII,62753,62836,+,False
YNCH0002C_tRNA,Exon,VIII,85298,85371,-,False
YNCH0002C_tRNA,TFIIIB,VIII,85384,85427,-,False
YNCH0002C_tRNA,TFIIIC,VIII,85288,85373,-,False
YNCH0003C_tRNA,Exon,VIII,116107,116179,-,False
YNCH0003C_tRNA,TFIIIB,VIII,116192,116235,-,False
YNCH0003C_tRNA,TFIIIC,VIII,116097,116181,-,False
YNCH0004C_tRNA,Exon,VIII,133026,133107,-,False
YNCH0004C_tRNA,TFIIIB,VIII,133120,133163,-,False
YNCH0004C_tRNA,TFIIIC,VIII,133016,133109,-,False
YNCH0005W_tRNA,Exon,VIII,134321,134392,+,False
YNCH0005W_tRNA,TFIIIB,VIII,134265,134308,+,False
YNCH0005W_tRNA,TFIIIC,VIII,134319,134402,+,False
YNCH0006C_tRNA,Exon,VIII,146242,146314,-,False
YNCH0006C_tRNA,TFIIIB,VIII,146327,146370,-,False
YNCH0006C_tRNA,TFIIIC,VIII,146232,146316,-,False
YNCH0009C_tRNA,Exon,VIII,237903,237939,-,True
YNCH0009C_tRNA,Exon,VIII,237848,237883,-,True
YNCH0009C_tRNA,Intron,VIII,237884,237902,-,True
YNCH0009C_tRNA,TFIIIB,VIII,237952,237995,-,True
YNCH0009C_tRNA,TFIIIC,VIII,237903,237941,-,True
YNCH0009C_tRNA,TFIIIC,VIII,237838,237883,-,True
YNCH0010C_tRNA,Exon,VIII,358533,358569,-,True
YNCH0010C_tRNA,Exon,VIII,358478,358513,-,True
YNCH0010C_tRNA,Intron,VIII,358514,358532,-,True
YNCH0010C_tRNA,TFIIIB,VIII,358582,358625,-,True
YNCH0010C_tRNA,TFIIIC,VIII,358533,358571,-,True
YNCH0010C_tRNA,TFIIIC,VIII,358468,358513,-,True
YNCH0013C_tRNA,Exon,VIII,388960,388995,-,True
YNCH0013C_tRNA,Exon,VIII,388893,388928,-,True
YNCH0013C_tRNA,Intron,VIII,388929,388959,-,True
YNCH0013C_tRNA,TFIIIB,VIII,389008,389051,-,True
YNCH0013C_tRNA,TFIIIC,VIII,388960,388997,-,True
YNCH0013C_tRNA,TFIIIC,VIII,388883,388928,-,True
YNCH0015W_tRNA,Exon,VIII,466990,467061,+,False
YNCH0015W_tRNA,TFIIIB,VIII,466934,466977,+,False
YNCH0015W_tRNA,TFIIIC,VIII,466988,467071,+,False
YNCH0016C_tRNA,Exon,VIII,475706,475778,-,False
YNCH0016C_tRNA,TFIIIB,VIII,475791,475834,-,False
YNCH0016C_tRNA,TFIIIC,VIII,475696,475780,-,False
YNCI0002W_tRNA,Exon,IX,175031,175103,+,False
YNCI0002W_tRNA,TFIIIB,IX,174975,175018,+,False
YNCI0002W_tRNA,TFIIIC,IX,175029,175113,+,False
YNCI0003C_tRNA,Exon,IX,183440,183513,-,False
YNCI0003C_tRNA,TFIIIB,IX,183526,183569,-,False
YNCI0003C_tRNA,TFIIIC,IX,183430,183515,-,False
YNCI0004W_tRNA,Exon,IX,197592,197663,+,False
YNCI0004W_tRNA,TFIIIB,IX,197536,197579,+,False
YNCI0004W_tRNA,TFIIIC,IX,197590,197673,+,False
YNCI0005W_tRNA,Exon,IX,210665,210738,+,False
YNCI0005W_tRNA,TFIIIB,IX,210609,210652,+,False
YNCI0005W_tRNA,TFIIIC,IX,210663,210748,+,False
YNCI0006W_tRNA,Exon,IX,248850,248931,+,False
YNCI0006W_tRNA,TFIIIB,IX,248794,248837,+,False
YNCI0006W_tRNA,TFIIIC,IX,248848,248941,+,False
YNCI0007C_tRNA,Exon,IX,300228,300300,-,False
YNCI0007C_tRNA,TFIIIB,IX,300313,300356,-,False
YNCI0007C_tRNA,TFIIIC,IX,300218,300302,-,False
YNCI0008C_tRNA,Exon,IX,324303,324374,-,False
YNCI0008C_tRNA,TFIIIB,IX,324387,324430,-,False
YNCI0008C_tRNA,TFIIIC,IX,324293,324376,-,False
YNCI0009W_tRNA,Exon,IX,325748,325820,+,False
YNCI0009W_tRNA,TFIIIB,IX,325692,325735,+,False
YNCI0009W_tRNA,TFIIIC,IX,325746,325830,+,False
YNCI0010C_tRNA,Exon,IX,336349,336420,-,False
YNCI0010C_tRNA,TFIIIB,IX,336433,336476,-,False
YNCI0010C_tRNA,TFIIIC,IX,336339,336422,-,False
YNCI0011W_tRNA,Exon,IX,370417,370488,+,False
YNCI0011W_tRNA,TFIIIB,IX,370361,370404,+,False
YNCI0011W_tRNA,TFIIIC,IX,370415,370498,+,False
YNCJ0001C_tRNA,Exon,X,59100,59172,-,False
YNCJ0001C_tRNA,TFIIIB,X,59185,59228,-,False
YNCJ0001C_tRNA,TFIIIC,X,59090,59174,-,False
YNCJ0002C_tRNA,Exon,X,115939,116010,-,False
YNCJ0002C_tRNA,TFIIIB,X,116023,116066,-,False
YNCJ0002C_tRNA,TFIIIC,X,115929,116012,-,False
YNCJ0005C_tRNA,Exon,X,197313,197385,-,False
YNCJ0005C_tRNA,TFIIIB,X,197398,197441,-,False
YNCJ0005C_tRNA,TFIIIC,X,197303,197387,-,False
YNCJ0006W_tRNA,Exon,X,204735,204806,+,False
YNCJ0006W_tRNA,TFIIIB,X,204679,204722,+,False
YNCJ0006W_tRNA,TFIIIC,X,204733,204816,+,False
YNCJ0008W_tRNA,Exon,X,233939,234011,+,False
YNCJ0008W_tRNA,TFIIIB,X,233883,233926,+,False
YNCJ0008W_tRNA,TFIIIC,X,233937,234021,+,False
YNCJ0010W_tRNA,Exon,X,354244,354282,+,True
YNCJ0010W_tRNA,Exon,X,354297,354332,+,True
YNCJ0010W_tRNA,Intron,X,354283,354296,+,True
YNCJ0010W_tRNA,TFIIIB,X,354188,354231,+,True
YNCJ0010W_tRNA,TFIIIC,X,354242,354282,+,True
YNCJ0010W_tRNA,TFIIIC,X,354297,354342,+,True
YNCJ0011W_tRNA,Exon,X,355374,355445,+,False
YNCJ0011W_tRNA,TFIIIB,X,355318,355361,+,False
YNCJ0011W_tRNA,TFIIIC,X,355372,355455,+,False
YNCJ0012W_tRNA,Exon,X,355456,355527,+,False
YNCJ0012W_tRNA,TFIIIB,X,355400,355443,+,False
YNCJ0012W_tRNA,TFIIIC,X,355454,355537,+,False
YNCJ0013C_tRNA,Exon,X,374424,374495,-,False
YNCJ0013C_tRNA,TFIIIB,X,374508,374551,-,False
YNCJ0013C_tRNA,TFIIIC,X,374414,374497,-,False
YNCJ0014C_tRNA,Exon,X,374506,374577,-,False
YNCJ0014C_tRNA,TFIIIB,X,374590,374633,-,False
YNCJ0014C_tRNA,TFIIIC,X,374496,374579,-,False
YNCJ0015W_tRNA,Exon,X,378360,378433,+,False
YNCJ0015W_tRNA,TFIIIB,X,378304,378347,+,False
YNCJ0015W_tRNA,TFIIIC,X,378358,378443,+,False
YNCJ0016C_tRNA,Exon,X,391043,391115,-,False
YNCJ0016C_tRNA,TFIIIB,X,391128,391171,-,False
YNCJ0016C_tRNA,TFIIIC,X,391033,391117,-,False
YNCJ0017C_tRNA,Exon,X,396726,396796,-,False
YNCJ0017C_tRNA,TFIIIB,X,396809,396852,-,False
YNCJ0017C_tRNA,TFIIIC,X,396716,396798,-,False
YNCJ0018W_tRNA,Exon,X,414966,415038,+,False
YNCJ0018W_tRNA,TFIIIB,X,414910,414953,+,False
YNCJ0018W_tRNA,TFIIIC,X,414964,415048,+,False
YNCJ0019C_tRNA,Exon,X,416001,416036,-,True
YNCJ0019C_tRNA,Exon,X,415931,415966,-,True
YNCJ0019C_tRNA,Intron,X,415967,416000,-,True
YNCJ0019C_tRNA,TFIIIB,X,416049,416092,-,True
YNCJ0019C_tRNA,TFIIIC,X,416001,416038,-,True
YNCJ0019C_tRNA,TFIIIC,X,415921,415966,-,True
YNCJ0020W_tRNA,Exon,X,422937,423009,+,False
YNCJ0020W_tRNA,TFIIIB,X,422881,422924,+,False
YNCJ0020W_tRNA,TFIIIC,X,422935,423019,+,False
YNCJ0021C_tRNA,Exon,X,424432,424515,-,False
YNCJ0021C_tRNA,TFIIIB,X,424528,424571,-,False
YNCJ0021C_tRNA,TFIIIC,X,424422,424517,-,False
YNCJ0022C_tRNA,Exon,X,517813,517884,-,False
YNCJ0022C_tRNA,TFIIIB,X,517897,517940,-,False
YNCJ0022C_tRNA,TFIIIC,X,517803,517886,-,False
YNCJ0023C_tRNA,Exon,X,524012,524093,-,False
YNCJ0023C_tRNA,TFIIIB,X,524106,524149,-,False
YNCJ0023C_tRNA,TFIIIC,X,524002,524095,-,False
YNCJ0024W_tRNA,Exon,X,531828,531898,+,False
YNCJ0024W_tRNA,TFIIIB,X,531772,531815,+,False
YNCJ0024W_tRNA,TFIIIC,X,531826,531908,+,False
YNCJ0025W_tRNA,Exon,X,538555,538626,+,False
YNCJ0025W_tRNA,TFIIIB,X,538499,538542,+,False
YNCJ0025W_tRNA,TFIIIC,X,538553,538636,+,False
YNCJ0026W_tRNA,Exon,X,541508,541579,+,False
YNCJ0026W_tRNA,TFIIIB,X,541452,541495,+,False
YNCJ0026W_tRNA,TFIIIC,X,541506,541589,+,False
YNCJ0027C_tRNA,Exon,X,543006,543044,-,True
YNCJ0027C_tRNA,Exon,X,542956,542991,-,True
YNCJ0027C_tRNA,Intron,X,542992,543005,-,True
YNCJ0027C_tRNA,TFIIIB,X,543057,543100,-,True
YNCJ0027C_tRNA,TFIIIC,X,543006,543046,-,True
YNCJ0027C_tRNA,TFIIIC,X,542946,542991,-,True
YNCJ0029W_tRNA,Exon,X,617919,617956,+,True
YNCJ0029W_tRNA,Exon,X,617976,618019,+,True
YNCJ0029W_tRNA,Intron,X,617957,617975,+,True
YNCJ0029W_tRNA,TFIIIB,X,617863,617906,+,True
YNCJ0029W_tRNA,TFIIIC,X,617917,617956,+,True
YNCJ0029W_tRNA,TFIIIC,X,617976,618029,+,True
YNCK0002C_tRNA,Exon,XI,46735,46806,-,False
YNCK0002C_tRNA,TFIIIB,XI,46819,46862,-,False
YNCK0002C_tRNA,TFIIIC,XI,46725,46808,-,False
YNCK0003W_tRNA,Exon,XI,74624,74697,+,False
YNCK0003W_tRNA,TFIIIB,XI,74568,74611,+,False
YNCK0003W_tRNA,TFIIIC,XI,74622,74707,+,False
YNCK0004W_tRNA,Exon,XI,84208,84291,+,False
YNCK0004W_tRNA,TFIIIB,XI,84152,84195,+,False
YNCK0004W_tRNA,TFIIIC,XI,84206,84301,+,False
YNCK0005C_tRNA,Exon,XI,141018,141089,-,False
YNCK0005C_tRNA,TFIIIB,XI,141102,141145,-,False
YNCK0005C_tRNA,TFIIIC,XI,141008,141091,-,False
YNCK0006C_tRNA,Exon,XI,162487,162558,-,False
YNCK0006C_tRNA,TFIIIB,XI,162571,162614,-,False
YNCK0006C_tRNA,TFIIIC,XI,162477,162560,-,False
YNCK0007W_tRNA,Exon,XI,202999,203071,+,False
YNCK0007W_tRNA,TFIIIB,XI,202943,202986,+,False
YNCK0007W_tRNA,TFIIIC,XI,202997,203081,+,False
YNCK0008W_tRNA,Exon,XI,219895,219967,+,False
YNCK0008W_tRNA,TFIIIB,XI,219839,219882,+,False
YNCK0008W_tRNA,TFIIIC,XI,219893,219977,+,False
YNCK0010W_tRNA,Exon,XI,302918,302953,+,True
YNCK0010W_tRNA,Exon,XI,302988,303023,+,True
YNCK0010W_tRNA,Intron,XI,302954,302987,+,True
YNCK0010W_tRNA,TFIIIB,XI,302862,302905,+,True
YNCK0010W_tRNA,TFIIIC,XI,302916,302953,+,True
YNCK0010W_tRNA,TFIIIC,XI,302988,303033,+,True
YNCK0011C_tRNA,Exon,XI,308144,308217,-,False
YNCK0011C_tRNA,TFIIIB,XI,308230,308273,-,False
YNCK0011C_tRNA,TFIIIC,XI,308134,308219,-,False
YNCK0012C_tRNA,Exon,XI,313401,313472,-,False
YNCK0012C_tRNA,TFIIIB,XI,313485,313528,-,False
YNCK0012C_tRNA,TFIIIC,XI,313391,313474,-,False
YNCK0014W_tRNA,Exon,XI,379680,379753,+,False
YNCK0014W_tRNA,TFIIIB,XI,379624,379667,+,False
YNCK0014W_tRNA,TFIIIC,XI,379678,379763,+,False
YNCK0016W_tRNA,Exon,XI,458557,458594,+,True
YNCK0016W_tRNA,Exon,XI,458627,458670,+,True
YNCK0016W_tRNA,Intron,XI,458595,458626,+,True
YNCK0016W_tRNA,TFIIIB,XI,458501,458544,+,True
YNCK0016W_tRNA,TFIIIC,XI,458555,458594,+,True
YNCK0016W_tRNA,TFIIIC,XI,458627,458680,+,True
YNCK0017W_tRNA,Exon,XI,490968,491040,+,False
YNCK0017W_tRNA,TFIIIB,XI,490912,490955,+,False
YNCK0017W_tRNA,TFIIIC,XI,490966,491050,+,False
YNCK0018C_tRNA,Exon,XI,513332,513403,-,False
YNCK0018C_tRNA,TFIIIB,XI,513416,513459,-,False
YNCK0018C_tRNA,TFIIIC,XI,513322,513405,-,False
YNCK0019W_tRNA,Exon,XI,517988,518060,+,False
YNCK0019W_tRNA,TFIIIB,XI,517932,517975,+,False
YNCK0019W_tRNA,TFIIIC,XI,517986,518070,+,False
YNCK0021W_tRNA,Exon,XI,578965,579001,+,True
YNCK0021W_tRNA,Exon,XI,579025,579060,+,True
YNCK0021W_tRNA,Intron,XI,579002,579024,+,True
YNCK0021W_tRNA,TFIIIB,XI,578909,578952,+,True
YNCK0021W_tRNA,TFIIIC,XI,578963,579001,+,True
YNCK0021W_tRNA,TFIIIC,XI,579025,579070,+,True
YNCL0001W_tRNA,Exon,XII,92548,92583,+,True
YNCL0001W_tRNA,Exon,XII,92615,92650,+,True
YNCL0001W_tRNA,Intron,XII,92584,92614,+,True
YNCL0001W_tRNA,TFIIIB,XII,92492,92535,+,True
YNCL0001W_tRNA,TFIIIC,XII,92546,92583,+,True
YNCL0001W_tRNA,TFIIIC,XII,92615,92660,+,True
YNCL0002C_tRNA,Exon,XII,167944,168025,-,False
YNCL0002C_tRNA,TFIIIB,XII,168038,168081,-,False
YNCL0002C_tRNA,TFIIIC,XII,167934,168027,-,False
YNCL0004C_tRNA,Exon,XII,214883,214955,-,False
YNCL0004C_tRNA,TFIIIB,XII,214968,215011,-,False
YNCL0004C_tRNA,TFIIIC,XII,214873,214957,-,False
YNCL0007W_tRNA,Exon,XII,374355,374427,+,False
YNCL0007W_tRNA,TFIIIB,XII,374299,374342,+,False
YNCL0007W_tRNA,TFIIIC,XII,374353,374437,+,False
YNCL0008W_tRNA,Exon,XII,427132,427203,+,False
YNCL0008W_tRNA,TFIIIB,XII,427076,427119,+,False
YNCL0008W_tRNA,TFIIIC,XII,427130,427213,+,False
YNCL0009C_tRNA,Exon,XII,448650,448721,-,False
YNCL0009C_tRNA,TFIIIB,XII,448734,448777,-,False
YNCL0009C_tRNA,TFIIIC,XII,448640,448723,-,False
YNCL0032C_tRNA,Exon,XII,592582,592619,-,True
YNCL0032C_tRNA,Exon,XII,592519,592562,-,True
YNCL0032C_tRNA,Intron,XII,592563,592581,-,True
YNCL0032C_tRNA,TFIIIB,XII,592632,592675,-,True
YNCL0032C_tRNA,TFIIIC,XII,592582,592621,-,True
YNCL0032C_tRNA,TFIIIC,XII,592509,592562,-,True
YNCL0033C_tRNA,Exon,XII,605396,605432,-,True
YNCL0033C_tRNA,Exon,XII,605300,605335,-,True
YNCL0033C_tRNA,Intron,XII,605336,605395,-,True
YNCL0033C_tRNA,TFIIIB,XII,605445,605488,-,True
YNCL0033C_tRNA,TFIIIC,XII,605396,605434,-,True
YNCL0033C_tRNA,TFIIIC,XII,605290,605335,-,True
YNCL0034W_tRNA,Exon,XII,628383,628420,+,True
YNCL0034W_tRNA,Exon,XII,628454,628497,+,True
YNCL0034W_tRNA,Intron,XII,628421,628453,+,True
YNCL0034W_tRNA,TFIIIB,XII,628327,628370,+,True
YNCL0034W_tRNA,TFIIIC,XII,628381,628420,+,True
YNCL0034W_tRNA,TFIIIC,XII,628454,628507,+,True
YNCL0035C_tRNA,Exon,XII,656934,657006,-,False
YNCL0035C_tRNA,TFIIIB,XII,657019,657062,-,False
YNCL0035C_tRNA,TFIIIC,XII,656924,657008,-,False
YNCL0036C_tRNA,Exon,XII,687859,687932,-,False
YNCL0036C_tRNA,TFIIIB,XII,687945,687988,-,False
YNCL0036C_tRNA,TFIIIC,XII,687849,687934,-,False
YNCL0037W_tRNA,Exon,XII,732090,732127,+,True
YNCL0037W_tRNA,Exon,XII,732147,732190,+,True
YNCL0037W_tRNA,Intron,XII,732128,732146,+,True
YNCL0037W_tRNA,TFIIIB,XII,732034,732077,+,True
YNCL0037W_tRNA,TFIIIC,XII,732088,732127,+,True
YNCL0037W_tRNA,TFIIIC,XII,732147,732200,+,True
YNCL0038W_tRNA,Exon,XII,734802,734875,+,False
YNCL0038W_tRNA,TFIIIB,XII,734746,734789,+,False
YNCL0038W_tRNA,TFIIIC,XII,734800,734885,+,False
YNCL0039W_tRNA,Exon,XII,784354,784389,+,True
YNCL0039W_tRNA,Exon,XII,784410,784453,+,True
YNCL0039W_tRNA,Intron,XII,784390,784409,+,True
YNCL0039W_tRNA,TFIIIB,XII,784298,784341,+,True
YNCL0039W_tRNA,TFIIIC,XII,784352,784389,+,True
YNCL0039W_tRNA,TFIIIC,XII,784410,784463,+,True
YNCL0040W_tRNA,Exon,XII,793918,793989,+,False
YNCL0040W_tRNA,TFIIIB,XII,793862,793905,+,False
YNCL0040W_tRNA,TFIIIC,XII,793916,793999,+,False
YNCL0044W_tRNA,Exon,XII,797178,797249,+,False
YNCL0044W_tRNA,TFIIIB,XII,797122,797165,+,False
YNCL0044W_tRNA,TFIIIC,XII,797176,797259,+,False
YNCL0045W_tRNA,Exon,XII,818609,818680,+,False
YNCL0045W_tRNA,TFIIIB,XII,818553,818596,+,False
YNCL0045W_tRNA,TFIIIC,XII,818607,818690,+,False
YNCL0047W_tRNA,Exon,XII,875376,875412,+,True
YNCL0047W_tRNA,Exon,XII,875436,875471,+,True
YNCL0047W_tRNA,Intron,XII,875413,875435,+,True
YNCL0047W_tRNA,TFIIIB,XII,875320,875363,+,True
YNCL0047W_tRNA,TFIIIC,XII,875374,875412,+,True
YNCL0047W_tRNA,TFIIIC,XII,875436,875481,+,True
YNCL0049C_tRNA,Exon,XII,962972,963055,-,False
YNCL0049C_tRNA,TFIIIB,XII,963068,963111,-,False
YNCL0049C_tRNA,TFIIIC,XII,962962,963057,-,False
YNCL0050C_tRNA,Exon,XII,975983,976056,-,False
YNCL0050C_tRNA,TFIIIB,XII,976069,976112,-,False
YNCL0050C_tRNA,TFIIIC,XII,975973,976058,-,False
YNCL0051C_tRNA,Exon,XII,1052071,1052144,-,False
YNCL0051C_tRNA,TFIIIB,XII,1052157,1052200,-,False
YNCL0051C_tRNA,TFIIIC,XII,1052061,1052146,-,False
YNCM0004C_tRNA,Exon,XIII,131825,131896,-,False
YNCM0004C_tRNA,TFIIIB,XIII,131909,131952,-,False
YNCM0004C_tRNA,TFIIIC,XIII,131815,131898,-,False
YNCM0006W_tRNA,Exon,XIII,168795,168833,+,True
YNCM0006W_tRNA,Exon,XIII,168848,168883,+,True
YNCM0006W_tRNA,Intron,XIII,168834,168847,+,True
YNCM0006W_tRNA,TFIIIB,XIII,168739,168782,+,True
YNCM0006W_tRNA,TFIIIC,XIII,168793,168833,+,True
YNCM0006W_tRNA,TFIIIC,XIII,168848,168893,+,True
YNCM0007C_tRNA,Exon,XIII,183898,183968,-,False
YNCM0007C_tRNA,TFIIIB,XIII,183981,184024,-,False
YNCM0007C_tRNA,TFIIIC,XIII,183888,183970,-,False
YNCM0008C_tRNA,Exon,XIII,196135,196170,-,True
YNCM0008C_tRNA,Exon,XIII,196068,196103,-,True
YNCM0008C_tRNA,Intron,XIII,196104,196134,-,True
YNCM0008C_tRNA,TFIIIB,XIII,196183,196226,-,True
YNCM0008C_tRNA,TFIIIC,XIII,196135,196172,-,True
YNCM0008C_tRNA,TFIIIC,XIII,196058,196103,-,True
YNCM0009C_tRNA,Exon,XIII,259158,259239,-,False
YNCM0009C_tRNA,TFIIIB,XIII,259252,259295,-,False
YNCM0009C_tRNA,TFIIIC,XIII,259148,259241,-,False
YNCM0010W_tRNA,Exon,XIII,290801,290872,+,False
YNCM0010W_tRNA,TFIIIB,XIII,290745,290788,+,False
YNCM0010W_tRNA,TFIIIC,XIII,290799,290882,+,False
YNCM0018C_tRNA,Exon,XIII,321147,321219,-,False
YNCM0018C_tRNA,TFIIIB,XIII,321232,321275,-,False
YNCM0018C_tRNA,TFIIIC,XIII,321137,321221,-,False
YNCM0019W_tRNA,Exon,XIII,352280,352316,+,True
YNCM0019W_tRNA,Exon,XIII,352335,352370,+,True
YNCM0019W_tRNA,Intron,XIII,352317,352334,+,True
YNCM0019W_tRNA,TFIIIB,XIII,352224,352267,+,True
YNCM0019W_tRNA,TFIIIC,XIII,352278,352316,+,True
YNCM0019W_tRNA,TFIIIC,XIII,352335,352380,+,True
YNCM0020W_tRNA,Exon,XIII,363064,363135,+,False
YNCM0020W_tRNA,TFIIIB,XIII,363008,363051,+,False
YNCM0020W_tRNA,TFIIIC,XIII,363062,363145,+,False
YNCM0021C_tRNA,Exon,XIII,372445,372518,-,False
YNCM0021C_tRNA,TFIIIB,XIII,372531,372574,-,False
YNCM0021C_tRNA,TFIIIC,XIII,372435,372520,-,False
YNCM0022C_tRNA,Exon,XIII,379373,379408,-,True
YNCM0022C_tRNA,Exon,XIII,379303,379338,-,True
YNCM0022C_tRNA,Intron,XIII,379339,379372,-,True
YNCM0022C_tRNA,TFIIIB,XIII,379421,379464,-,True
YNCM0022C_tRNA,TFIIIC,XIII,379373,379410,-,True
YNCM0022C_tRNA,TFIIIC,XIII,379293,379338,-,True
YNCM0023C_tRNA,Exon,XIII,420588,420661,-,False
YNCM0023C_tRNA,TFIIIB,XIII,420674,420717,-,False
YNCM0023C_tRNA,TFIIIC,XIII,420578,420663,-,False
YNCM0024W_tRNA,Exon,XIII,463554,463625,+,False
YNCM0024W_tRNA,TFIIIB,XIII,463498,463541,+,False
YNCM0024W_tRNA,TFIIIC,XIII,463552,463635,+,False
YNCM0025C_tRNA,Exon,XIII,480621,480693,-,False
YNCM0025C_tRNA,TFIIIB,XIII,480706,480749,-,False
YNCM0025C_tRNA,TFIIIC,XIII,480611,480695,-,False
YNCM0027W_tRNA,Exon,XIII,504895,504932,+,True
YNCM0027W_tRNA,Exon,XIII,504965,505008,+,True
YNCM0027W_tRNA,Intron,XIII,504933,504964,+,True
YNCM0027W_tRNA,TFIIIB,XIII,504839,504882,+,True
YNCM0027W_tRNA,TFIIIC,XIII,504893,504932,+,True
YNCM0027W_tRNA,TFIIIC,XIII,504965,505018,+,True
YNCM0028C_tRNA,Exon,XIII,572883,572955,-,False
YNCM0028C_tRNA,TFIIIB,XIII,572968,573011,-,False
YNCM0028C_tRNA,TFIIIC,XIII,572873,572957,-,False
YNCM0029C_tRNA,Exon,XIII,586636,586709,-,False
YNCM0029C_tRNA,TFIIIB,XIII,586722,586765,-,False
YNCM0029C_tRNA,TFIIIC,XIII,586626,586711,-,False
YNCM0033C_tRNA,Exon,XIII,747892,747963,-,False
YNCM0033C_tRNA,TFIIIB,XIII,747976,748019,-,False
YNCM0033C_tRNA,TFIIIC,XIII,747882,747965,-,False
YNCM0035C_tRNA,Exon,XIII,768369,768441,-,False
YNCM0035C_tRNA,TFIIIB,XIII,768454,768497,-,False
YNCM0035C_tRNA,TFIIIC,XIII,768359,768443,-,False
YNCM0036C_tRNA,Exon,XIII,808246,808317,-,False
YNCM0036C_tRNA,TFIIIB,XIII,808330,808373,-,False
YNCM0036C_tRNA,TFIIIC,XIII,808236,808319,-,False
YNCM0037W_tRNA,Exon,XIII,837928,837966,+,True
YNCM0037W_tRNA,Exon,XIII,837981,838016,+,True
YNCM0037W_tRNA,Intron,XIII,837967,837980,+,True
YNCM0037W_tRNA,TFIIIB,XIII,837872,837915,+,True
YNCM0037W_tRNA,TFIIIC,XIII,837926,837966,+,True
YNCM0037W_tRNA,TFIIIC,XIII,837981,838026,+,True
YNCN0002C_tRNA,Exon,XIV,96241,96312,-,False
YNCN0002C_tRNA,TFIIIB,XIV,96325,96368,-,False
YNCN0002C_tRNA,TFIIIC,XIV,96231,96314,-,False
YNCN0003W_tRNA,Exon,XIV,102716,102789,+,False
YNCN0003W_tRNA,TFIIIB,XIV,102660,102703,+,False
YNCN0003W_tRNA,TFIIIC,XIV,102714,102799,+,False
YNCN0004W_tRNA,Exon,XIV,104805,104877,+,False
YNCN0004W_tRNA,TFIIIB,XIV,104749,104792,+,False
YNCN0004W_tRNA,TFIIIC,XIV,104803,104887,+,False
YNCN0006W_tRNA,Exon,XIV,374869,374905,+,True
YNCN0006W_tRNA,Exon,XIV,374924,374959,+,True
YNCN0006W_tRNA,Intron,XIV,374906,374923,+,True
YNCN0006W_tRNA,TFIIIB,XIV,374813,374856,+,True
YNCN0006W_tRNA,TFIIIC,XIV,374867,374905,+,True
YNCN0006W_tRNA,TFIIIC,XIV,374924,374969,+,True
YNCN0007W_tRNA,Exon,XIV,443006,443043,+,True
YNCN0007W_tRNA,Exon,XIV,443076,443119,+,True
YNCN0007W_tRNA,Intron,XIV,443044,443075,+,True
YNCN0007W_tRNA,TFIIIB,XIV,442950,442993,+,True
YNCN0007W_tRNA,TFIIIC,XIV,443004,443043,+,True
YNCN0007W_tRNA,TFIIIC,XIV,443076,443129,+,True
YNCN0008C_tRNA,Exon,XIV,519099,519169,-,False
YNCN0008C_tRNA,TFIIIB,XIV,519182,519225,-,False
YNCN0008C_tRNA,TFIIIC,XIV,519089,519171,-,False
YNCN0009W_tRNA,Exon,XIV,547094,547129,+,True
YNCN0009W_tRNA,Exon,XIV,547161,547196,+,True
YNCN0009W_tRNA,Intron,XIV,547130,547160,+,True
YNCN0009W_tRNA,TFIIIB,XIV,547038,547081,+,True
YNCN0009W_tRNA,TFIIIC,XIV,547092,547129,+,True
YNCN0009W_tRNA,TFIIIC,XIV,547161,547206,+,True
YNCN0010C_tRNA,Exon,XIV,560693,560765,-,False
YNCN0010C_tRNA,TFIIIB,XIV,560778,560821,-,False
YNCN0010C_tRNA,TFIIIC,XIV,560683,560767,-,False
YNCN0011W_tRNA,Exon,XIV,568115,568150,+,True
YNCN0011W_tRNA,Exon,XIV,568182,568217,+,True
YNCN0011W_tRNA,Intron,XIV,568151,568181,+,True
YNCN0011W_tRNA,TFIIIB,XIV,568059,568102,+,True
YNCN0011W_tRNA,TFIIIC,XIV,568113,568150,+,True
YNCN0011W_tRNA,TFIIIC,XIV,568182,568227,+,True
YNCN0012C_tRNA,Exon,XIV,569867,569940,-,False
YNCN0012C_tRNA,TFIIIB,XIV,569953,569996,-,False
YNCN0012C_tRNA,TFIIIC,XIV,569857,569942,-,False
YNCN0015W_tRNA,Exon,XIV,602312,602385,+,False
YNCN0015W_tRNA,TFIIIB,XIV,602256,602299,+,False
YNCN0015W_tRNA,TFIIIC,XIV,602310,602395,+,False
YNCN0016C_tRNA,Exon,XIV,631846,631917,-,False
YNCN0016C_tRNA,TFIIIB,XIV,631930,631973,-,False
YNCN0016C_tRNA,TFIIIC,XIV,631836,631919,-,False
YNCN0017W_tRNA,Exon,XIV,632599,632672,+,False
YNCN0017W_tRNA,TFIIIB,XIV,632543,632586,+,False
YNCN0017W_tRNA,TFIIIC,XIV,632597,632682,+,False
YNCN0020C_tRNA,Exon,XIV,726134,726217,-,False
YNCN0020C_tRNA,TFIIIB,XIV,726230,726273,-,False
YNCN0020C_tRNA,TFIIIC,XIV,726124,726219,-,False
YNCO0001C_tRNA,Exon,XV,110962,111033,-,False
YNCO0001C_tRNA,TFIIIB,XV,111046,111089,-,False
YNCO0001C_tRNA,TFIIIC,XV,110952,111035,-,False
YNCO0002W_tRNA,Exon,XV,113802,113874,+,False
YNCO0002W_tRNA,TFIIIB,XV,113746,113789,+,False
YNCO0002W_tRNA,TFIIIC,XV,113800,113884,+,False
YNCO0004C_tRNA,Exon,XV,226611,226681,-,False
YNCO0004C_tRNA,TFIIIB,XV,226694,226737,-,False
YNCO0004C_tRNA,TFIIIC,XV,226601,226683,-,False
YNCO0005W_tRNA,Exon,XV,228331,228404,+,False
YNCO0005W_tRNA,TFIIIB,XV,228275,228318,+,False
YNCO0005W_tRNA,TFIIIC,XV,228329,228414,+,False
YNCO0008W_tRNA,Exon,XV,274673,274709,+,True
YNCO0008W_tRNA,Exon,XV,274729,274773,+,True
YNCO0008W_tRNA,Intron,XV,274710,274728,+,True
YNCO0008W_tRNA,TFIIIB,XV,274617,274660,+,True
YNCO0008W_tRNA,TFIIIC,XV,274671,274709,+,True
YNCO0008W_tRNA,TFIIIC,XV,274729,274783,+,True
YNCO0009W_tRNA,Exon,XV,282164,282234,+,False
YNCO0009W_tRNA,TFIIIB,XV,282108,282151,+,False
YNCO0009W_tRNA,TFIIIC,XV,282162,282244,+,False
YNCO0010W_tRNA,Exon,XV,288192,288230,+,True
YNCO0010W_tRNA,Exon,XV,288245,288280,+,True
YNCO0010W_tRNA,Intron,XV,288231,288244,+,True
YNCO0010W_tRNA,TFIIIB,XV,288136,288179,+,True
YNCO0010W_tRNA,TFIIIC,XV,288190,288230,+,True
YNCO0010W_tRNA,TFIIIC,XV,288245,288290,+,True
YNCO0011W_tRNA,Exon,XV,301097,301132,+,True
YNCO0011W_tRNA,Exon,XV,301163,301198,+,True
YNCO0011W_tRNA,Intron,XV,301133,301162,+,True
YNCO0011W_tRNA,TFIIIB,XV,301041,301084,+,True
YNCO0011W_tRNA,TFIIIC,XV,301095,301132,+,True
YNCO0011W_tRNA,TFIIIC,XV,301163,301208,+,True
YNCO0012C_tRNA,Exon,XV,340299,340371,-,False
YNCO0012C_tRNA,TFIIIB,XV,340384,340427,-,False
YNCO0012C_tRNA,TFIIIC,XV,340289,340373,-,False
YNCO0013C_tRNA,Exon,XV,354041,354113,-,False
YNCO0013C_tRNA,TFIIIB,XV,354126,354169,-,False
YNCO0013C_tRNA,TFIIIC,XV,354031,354115,-,False
YNCO0016W_tRNA,Exon,XV,438643,438679,+,True
YNCO0016W_tRNA,Exon,XV,438703,438738,+,True
YNCO0016W_tRNA,Intron,XV,438680,438702,+,True
YNCO0016W_tRNA,TFIIIB,XV,438587,438630,+,True
YNCO0016W_tRNA,TFIIIC,XV,438641,438679,+,True
YNCO0016W_tRNA,TFIIIC,XV,438703,438748,+,True
YNCO0017W_tRNA,Exon,XV,464450,464485,+,True
YNCO0017W_tRNA,Exon,XV,464516,464551,+,True
YNCO0017W_tRNA,Intron,XV,464486,464515,+,True
YNCO0017W_tRNA,TFIIIB,XV,464394,464437,+,True
YNCO0017W_tRNA,TFIIIC,XV,464448,464485,+,True
YNCO0017W_tRNA,TFIIIC,XV,464516,464561,+,True
YNCO0018W_tRNA,Exon,XV,487439,487512,+,False
YNCO0018W_tRNA,TFIIIB,XV,487383,487426,+,False
YNCO0018W_tRNA,TFIIIC,XV,487437,487522,+,False
YNCO0019W_tRNA,Exon,XV,571958,572029,+,False
YNCO0019W_tRNA,TFIIIB,XV,571902,571945,+,False
YNCO0019W_tRNA,TFIIIC,XV,571956,572039,+,False
YNCO0020C_tRNA,Exon,XV,594354,594425,-,False
YNCO0020C_tRNA,TFIIIB,XV,594438,594481,-,False
YNCO0020C_tRNA,TFIIIC,XV,594344,594427,-,False
YNCO0021C_tRNA,Exon,XV,663812,663885,-,False
YNCO0021C_tRNA,TFIIIB,XV,663898,663941,-,False
YNCO0021C_tRNA,TFIIIC,XV,663802,663887,-,False
YNCO0023W_tRNA,Exon,XV,710201,710272,+,False
YNCO0023W_tRNA,TFIIIB,XV,710145,710188,+,False
YNCO0023W_tRNA,TFIIIC,XV,710199,710282,+,False
YNCO0029C_tRNA,Exon,XV,854187,854259,-,False
YNCO0029C_tRNA,TFIIIB,XV,854272,854315,-,False
YNCO0029C_tRNA,TFIIIC,XV,854177,854261,-,False
YNCO0030W_tRNA,Exon,XV,976421,976493,+,False
YNCO0030W_tRNA,TFIIIB,XV,976365,976408,+,False
YNCO0030W_tRNA,TFIIIC,XV,976419,976503,+,False
YNCO0031W_tRNA,Exon,XV,980683,980718,+,True
YNCO0031W_tRNA,Exon,XV,980752,980787,+,True
YNCO0031W_tRNA,Intron,XV,980719,980751,+,True
YNCO0031W_tRNA,TFIIIB,XV,980627,980670,+,True
YNCO0031W_tRNA,TFIIIC,XV,980681,980718,+,True
YNCO0031W_tRNA,TFIIIC,XV,980752,980797,+,True
YNCP0001C_tRNA,Exon,XVI,56239,56274,-,True
YNCP0001C_tRNA,Exon,XVI,56169,56204,-,True
YNCP0001C_tRNA,Intron,XVI,56205,56238,-,True
YNCP0001C_tRNA,TFIIIB,XVI,56287,56330,-,True
YNCP0001C_tRNA,TFIIIC,XVI,56239,56276,-,True
YNCP0001C_tRNA,TFIIIC,XVI,56159,56204,-,True
YNCP0004C_tRNA,Exon,XVI,210192,210263,-,False
YNCP0004C_tRNA,TFIIIB,XVI,210276,210319,-,False
YNCP0004C_tRNA,TFIIIC,XVI,210182,210265,-,False
YNCP0006C_tRNA,Exon,XVI,338848,338919,-,False
YNCP0006C_tRNA,TFIIIB,XVI,338932,338975,-,False
YNCP0006C_tRNA,TFIIIC,XVI,338838,338921,-,False
YNCP0007C_tRNA,Exon,XVI,435893,435964,-,False
YNCP0007C_tRNA,TFIIIB,XVI,435977,436020,-,False
YNCP0007C_tRNA,TFIIIC,XVI,435883,435966,-,False
YNCP0008C_tRNA,Exon,XVI,560253,560289,-,True
YNCP0008C_tRNA,Exon,XVI,560198,560233,-,True
YNCP0008C_tRNA,Intron,XVI,560234,560252,-,True
YNCP0008C_tRNA,TFIIIB,XVI,560302,560345,-,True
YNCP0008C_tRNA,TFIIIC,XVI,560253,560291,-,True
YNCP0008C_tRNA,TFIIIC,XVI,560188,560233,-,True
YNCP0009W_tRNA,Exon,XVI,572269,572339,+,False
YNCP0009W_tRNA,TFIIIB,XVI,572213,572256,+,False
YNCP0009W_tRNA,TFIIIC,XVI,572267,572349,+,False
YNCP0010W_tRNA,Exon,XVI,582062,582134,+,False
YNCP0010W_tRNA,TFIIIB,XVI,582006,582049,+,False
YNCP0010W_tRNA,TFIIIC,XVI,582060,582144,+,False
YNCP0011C_tRNA,Exon,XVI,622595,622631,-,True
YNCP0011C_tRNA,Exon,XVI,622540,622575,-,True
YNCP0011C_tRNA,Intron,XVI,622576,622594,-,True
YNCP0011C_tRNA,TFIIIB,XVI,622644,622687,-,True
YNCP0011C_tRNA,TFIIIC,XVI,622595,622633,-,True
YNCP0011C_tRNA,TFIIIC,XVI,622530,622575,-,True
YNCP0012W_tRNA,Exon,XVI,689565,689646,+,False
YNCP0012W_tRNA,TFIIIB,XVI,689509,689552,+,False
YNCP0012W_tRNA,TFIIIC,XVI,689563,689656,+,False
YNCP0016W_tRNA,Exon,XVI,744284,744355,+,False
YNCP0016W_tRNA,TFIIIB,XVI,744228,744271,+,False
YNCP0016W_tRNA,TFIIIC,XVI,744282,744365,+,False
YNCP0017C_tRNA,Exon,XVI,769266,769302,-,True
YNCP0017C_tRNA,Exon,XVI,769207,769242,-,True
YNCP0017C_tRNA,Intron,XVI,769243,769265,-,True
YNCP0017C_tRNA,TFIIIB,XVI,769315,769358,-,True
YNCP0017C_tRNA,TFIIIC,XVI,769266,769304,-,True
YNCP0017C_tRNA,TFIIIC,XVI,769197,769242,-,True
YNCP0018C_tRNA,Exon,XVI,775765,775836,-,False
YNCP0018C_tRNA,TFIIIB,XVI,775849,775892,-,False
YNCP0018C_tRNA,TFIIIC,XVI,775755,775838,-,False
YNCP0019W_tRNA,Exon,XVI,810676,810749,+,False
YNCP0019W_tRNA,TFIIIB,XVI,810620,810663,+,False
YNCP0019W_tRNA,TFIIIC,XVI,810674,810759,+,False
YNCP0020W_tRNA,Exon,XVI,819529,819602,+,False
YNCP0020W_tRNA,TFIIIB,XVI,819473,819516,+,False
YNCP0020W_tRNA,TFIIIC,XVI,819527,819612,+,False
YNCP0022W_tRNA,Exon,XVI,856902,856974,+,False
YNCP0022W_tRNA,TFIIIB,XVI,856846,856889,+,False
YNCP0022W_tRNA,TFIIIC,XVI,856900,856984,+,False
YNCP0023W_tRNA,Exon,XVI,860379,860449,+,False
YNCP0023W_tRNA,TFIIIB,XVI,860323,860366,+,False
YNCP0023W_tRNA,TFIIIC,XVI,860377,860459,+,False
YNCP0024C_tRNA,Exon,XVI,880296,880369,-,False
YNCP0024C_tRNA,TFIIIB,XVI,880382,880425,-,False
YNCP0024C_tRNA,TFIIIC,XVI,880286,880371,-,False
